﻿id,Логин менеджера,Грейд исполнителя,Логин исполнителя,ФИО исполнителя,ФИО менеджера,Junior (мин.ЗП),Middle (мин.ЗП),Senior (мин.ЗП),Коэффициент для Анализ и проектирование,Коэффициент для Установка оборудования,Коэффициент для Техническое обслуживание и сопровождение,Коэффициент времени,Коэффициент сложности,Коэффициент для перевода в денежный эквивалент
1,kukleva,junior,galiulina,Галиуллина Альбина  Нафисовна,Куклева Дарья  Владимировна,10000,20000,30000,0.9,0.7,0.4,1.9,2.5,200
2,kukleva,middle,kudryashov,Кудряшов Александр  Витальевич,Куклева Дарья  Владимировна,10000,20000,30000,0.9,0.7,0.4,1.9,2.5,200
3,kremlev,senior,velizhanina,Велижанина Светлана  Николаевна,Кремлев Владислав  Юрьевич,12000,24000,36000,0.8,0.5,0.2,1.5,2,195
4,kremlev,junior,plotnikova,Плотникова Алевтина  Валентиновна,Кремлев Владислав  Юрьевич,12000,24000,36000,0.8,0.5,0.2,1.5,2,195
5,kremlev,middle,malcev,Мальцев Александр  Сергеевич,Кремлев Владислав  Юрьевич,12000,24000,36000,0.8,0.5,0.2,1.5,2,195
6,lavrinov,junior,morozova,Морозова Екатерина  Владимировна,Лавринов Андрей  Борисович,5000,15000,30000,1,1,0.2,3.4,2.9,250
7,lavrinov,junior,pyankova,Пьянкова Анастасия  Борисовна,Лавринов Андрей  Борисович,5000,15000,30000,1,1,0.2,3.4,2.9,250
